# GREAT version 1.7.0	Species assembly: hg18	Association rule: Basal+extension: 2000 bp upstream, 2000 bp downstream, 0 bp max extension, curated regulatory domains excluded
# ID	Desc	GenomeFrac	ExpRegions	ObsRegions	RegionFoldEnrich	SetCov	BinomP	TotalGenes	ExpGenes	ObsGenes	GeneFoldEnrich	GeneSetCov	TermCov	HyperP	Regions	Genes
Nanog_Boyer	Targets of Nanog, identifed by ChIP-chip in embryonic stem cells	9.392947e-04	1.277441e+01	112	8.767529e+00	8.235294e-03	9.173810e-65	705	5.891780e+01	81	1.374797e+00	5.536569e-02	1.148936e-01	2.011284e-03	,,,,,,,,,,,,,,,,,,,,,,,,,,,,,,,,,,,,,,,,,,,,,,,,,,,,,,,,,,,,,,,,,,,,,,,,,,,,,,,,,,,,,,,,,,,,,,,,,,,,,,,,,,,,,,,	ALCAM,ARIH1,B4GALT6,BCL9,BHLHE22,BMPR2,BUB3,C9orf5,CACNA1A,CALD1,CCT6B,CDC42EP4,CER1,CITED2,CSMD3,CTGF,CYLD,DIRC2,DLX5,E2F3,EHD4,EIF4G2,EMX2,EOMES,ERBB2,FBLN1,FGF1,FOXB1,GLG1,GOLGA4,GYPC,HAS2,HNRNPUL2,HOXA1,HOXB1,HOXB3,HOXC4,HSPBAP1,KIAA0652,KIAA1217,LBX1,LRRC2,MAP3K12,MEIS1,MLH1,NFAT5,NMU,OLIG3,PFTK1,PIGL,POU2F1,PTCH1,RAB30,RANGAP1,RAP1A,RBM39,RNF25,ROR1,RQCD1,RXRG,SHBG,SHC3,SIX3,SLC40A1,SLC7A11,SLIT1,SNRNP70,SOX5,STK36,TCF7L2,TIAL1,TLE3,TNRC6A,TWIST1,UBE2D2,USP37,VCAN,ZNF281,ZNF503,ZNF521,ZRANB3
Sox2_Boyer	Targets of Sox2, identifed by ChIP-chip in embryonic stem cells	7.331818e-04	9.971272e+00	98	9.828234e+00	7.205882e-03	3.132850e-61	563	4.705067e+01	76	1.615280e+00	5.194805e-02	1.349911e-01	1.986485e-05	,,,,,,,,,,,,,,,,,,,,,,,,,,,,,,,,,,,,,,,,,,,,,,,,,,,,,,,,,,,,,,,,,,,,,,,,,,,,,,,,,,,,,,,,,,,,,,,,,	ADAMTS19,ALCAM,AOF2,ARID4B,ARIH1,ATOH1,BCL9,BHLHE22,BMPR2,BUB3,C9orf5,CACNA1A,CDC42BPA,CDH6,CER1,CSMD3,DLX5,E2F3,EGLN2,EGR3,EIF4G2,EN1,ERBB2,FBXL19,FGF1,FOXP1,FZD1,GGPS1,HAS2,HOXB1,HOXB3,JARID2,KCNN2,LBX1,LSM4,MAP3K12,MED17,MEIS1,MLH1,MMP16,NEDD4L,NFYA,NMU,NR4A3,NR6A1,OLFM2,OLIG3,PDGFRA,PFTK1,POU2F1,PTCH1,PTF1A,RAB30,RBM39,ROR1,RQCD1,RRAGD,RSF1,RXRG,SAP30,SCG3,SCN3A,SDCCAG8,SHC3,SLC17A6,SLC7A11,SOX5,TCF7L2,TIAL1,TLE1,TLE3,TNRC6A,USP37,VCAN,ZIC1,ZNF281
CREB_Zhang	Targets of CREB, identified by ChIP-chip in HEK293T cells in three different time points after forskolin stimulation	3.046547e-03	4.143304e+01	185	4.465036e+00	1.360294e-02	2.396034e-60	2301	1.922977e+02	151	7.852409e-01	1.032126e-01	6.562364e-02	9.997442e-01	,,,,,,,,,,,,,,,,,,,,,,,,,,,,,,,,,,,,,,,,,,,,,,,,,,,,,,,,,,,,,,,,,,,,,,,,,,,,,,,,,,,,,,,,,,,,,,,,,,,,,,,,,,,,,,,,,,,,,,,,,,,,,,,,,,,,,,,,,,,,,,,,,,,,,,,,,,,,,,,,,,,,,,,,,,,,,,,,,,,,,,,,	ABHD4,ACD,AFF4,AFTPH,AK098727,APPBP2,ARFIP2,ARPC5L,ATXN2,B3GAT3,BCL11B,BCL2L11,BCL6,BUB3,C17orf59,C9orf5,CACNA1G,CAPNS1,CCT6B,CD55,CDC25A,CDC42EP3,CDK6,CHERP,CP110,CPD,CSDE1,CTNND1,CTSA,CYP26A1,DHRS1,DHX36,DIRC2,DPF3,DUSP10,E2F3,EDC4,EGLN2,EGR2,EGR4,EIF4G2,FFAR2,FUBP1,FUSIP1,FXC1,FZD1,GDE1,GLRA3,GOLGA4,GOLIM4,GRB2,HERC3,HIVEP3,HNRNPU,HOXA1,HOXA10,HOXA11,ING3,JARID2,KCNN2,KIAA0408,LGR5,LMBR1L,LMTK2,LSM4,LSM6,MAPKAPK5,MARCKS,MED15,MEIS1,MEPCE,METAP2,MLH1,MRPL40,NFE2L1,NFYA,NID1,NOP10,NR2F1,NR4A3,NUP98,PAPPA,PARP3,PCIF1,PDE7B,PDS5B,PITPNB,PPP3CA,PRICKLE4,PRPF38B,PSME3,PSMG1,PTPN4,R3HDM1,RAB21,RAB7A,RANGAP1,RBL2,RBM39,REV3L,RPL36AL,RPS6KB1,RQCD1,RTN4,RXRB,SCG3,SDF2,SEPT7,SFRS2,SHISA5,SIX1,SLC10A7,SLC39A7,SLC4A10,SMAD1,SNAP29,SPAST,SPOP,SRF,SRP68,STC2,SUPT16H,SYNJ1,TAF7,TCF4,TDRD3,THAP2,TIAL1,TMEM115,TMEM30A,TMEM59,TRAF6,TRPC4AP,TSC22D2,TUBD1,TUSC2,UBAP2L,UBE2N,UCHL3,UTP3,VGF,WASL,WDR42A,XBP1,XPR1,ZC3H10,ZCCHC8,ZIC5,ZNF503,ZNF644,ZNHIT1
HNF4a_Odom	Targets of HNF4alpha, identified by ChIP-chip in hepatocytes	1.981972e-03	2.695482e+01	120	4.451893e+00	8.823529e-03	1.306374e-39	1466	1.225156e+02	106	8.651960e-01	7.245386e-02	7.230559e-02	9.554355e-01	,,,,,,,,,,,,,,,,,,,,,,,,,,,,,,,,,,,,,,,,,,,,,,,,,,,,,,,,,,,,,,,,,,,,,,,,,,,,,,,,,,,,,,,,,,,,,,,,,,,,,,,,,,,,,,,,,,,,,,,	ABCB11,ABCG1,ACADSB,ACD,ACVR1,AFTPH,ALCAM,ARMC6,ATXN2,BAZ1A,BCL6,BUD31,CD55,CDC14A,CDC25A,CDC42EP3,CHIC2,CITED2,CSDE1,CTSA,CUL2,DAG1,DPF3,EGLN2,EIF4E,EPB41L4B,FEM1B,FOSL2,FUBP1,FZD1,G0S2,GOLGA4,GOLIM4,GRIN2D,HEY1,HNMT,HOXA1,HOXC8,HSD17B2,HSPA4L,IGF1,KCNJ12,KCNN2,METAP2,MOV10,MREG,NCOR1,NEURL2,NFE2L1,NFYA,NPAS2,NPTN,NR3C1,NTN4,NUP98,OTUD7B,PABPC1,PARP3,PITPNB,PJA2,PLAGL2,PRPF38B,PSME3,PTPN4,PTPRG,PURG,R3HDM1,RAB30,RANGAP1,RAP1GAP,RBM39,RDH5,RPS6KB1,RQCD1,RXRB,SERPING1,SF3B2,SGK1,SGK2,SHISA5,SLC39A7,SLC44A1,SMARCE1,SOX10,SRP68,SUPT16H,TCF7L2,TDRD3,TIAL1,TMEM30A,TMEM59,TRAF6,TRIM41,TRPC4AP,TRPS1,TSPAN12,TUBD1,UBE2D2,UCHL3,UTP3,VEGFC,WASL,WDR42A,XPR1,ZNF281,ZNF644
ETS1_Hollenhorst	Targets of ETS1, identified by ChIP-chip in Jurkat T-cells	1.565284e-03	2.128786e+01	102	4.791463e+00	7.500000e-03	1.730586e-36	1158	9.677562e+01	88	9.093199e-01	6.015038e-02	7.599309e-02	8.461433e-01	,,,,,,,,,,,,,,,,,,,,,,,,,,,,,,,,,,,,,,,,,,,,,,,,,,,,,,,,,,,,,,,,,,,,,,,,,,,,,,,,,,,,,,,,,,,,,,,,,,,,,	AAK1,ACBD5,ARID1A,ARL15,ARV1,BUB3,C11orf30,C1orf83,C2orf30,C6orf62,CCT6B,CDC2L5,CDC2L6,CLASP1,CPEB4,CSDE1,CUL2,DHX36,DLG4,EBAG9,EIF4E,ETF1,FUBP1,FXC1,GGPS1,GLG1,HMBS,HNRNPD,ING2,ING3,ITPR1,IZUMO1,KIAA0652,LSM4,MAD2L1BP,MAX,MED15,METAP2,MKRN3,MLH1,MTA2,NFATC3,NR3C1,NUP153,NUTF2,PCIF1,PHF12,PIGL,PLOD3,POLK,PPIL1,PRKCSH,PURG,RAB30,RANGAP1,RBL2,RQCD1,SAP30,SDCCAG8,SF1,SLC12A2,SLC39A7,SNRNP70,STK40,STXBP5,SUPT16H,THAP2,TIAL1,TMEM115,TMEM30A,TMEM59,TNPO2,TRPC4AP,TTBK2,TTC9C,UBE2D2,UPF2,VCPIP1,VPS53,WIBG,YBX1,ZC3H10,ZCCHC8,ZCWPW1,ZNF143,ZNF384,ZNF830,ZRANB3
Oct4_Boyer	Targets of Oct4, identifed by ChIP-chip in embryonic stem cells	3.112845e-04	4.233470e+00	49	1.157443e+01	3.602941e-03	1.237105e-34	237	1.980641e+01	31	1.565150e+00	2.118934e-02	1.308017e-01	8.443744e-03	,,,,,,,,,,,,,,,,,,,,,,,,,,,,,,,,,,,,,,,,,,,,,,,,	ADD3,CSMD3,CYP26B1,DLX5,EN1,FGF1,GAP43,GAS1,HAS2,HOXB1,JARID2,KLHL14,LBX1,LHX2,MAP3K3,MEIS1,MMP16,NR4A3,OLFM2,PFTK1,PTF1A,ROR1,SHC3,SOX5,SP8,TCF4,TLE3,TMEM30A,TNRC6A,TRPS1,ZHX2
ERa_Kwon	Targets of estrogen receptor alpha, identified by ChIP-DSL in MCF-7 cells	6.032904e-04	8.204750e+00	55	6.703434e+00	4.044118e-03	4.373369e-27	472	3.944568e+01	52	1.318269e+00	3.554340e-02	1.101695e-01	2.428829e-02	,,,,,,,,,,,,,,,,,,,,,,,,,,,,,,,,,,,,,,,,,,,,,,,,,,,,,,	ARID4B,ARV1,ATL2,BICD2,BRI3BP,BUB3,C11orf30,C1orf83,C9orf5,CALM3,CDC14A,CDC42BPA,CITED2,COL4A3BP,EBAG9,EIF4G2,ERGIC1,FBXW11,FMOD,GGPS1,GTPBP2,ING3,ITPR1,LCORL,LRMP,MAD2L1BP,MAN1A1,MAX,MED26,NAIF1,NECAB3,NEDD4L,PABPC1,PHF12,PHF21A,POLK,RAB30,RSF1,RXRB,SAP30,SLC25A25,SLC39A7,SNX27,STC2,STRBP,TMEM115,TMEM59,TTC13,TTC9C,VCPIP1,WISP2,XKR4
HCC-G2M_Whitfield	Genes whose expression peaks periodically in the G2/M cell cycle phase	4.653477e-04	6.328729e+00	49	7.742471e+00	3.602941e-03	5.780156e-27	335	2.799640e+01	37	1.321598e+00	2.529050e-02	1.104478e-01	4.922334e-02	,,,,,,,,,,,,,,,,,,,,,,,,,,,,,,,,,,,,,,,,,,,,,,,,	ATF7IP,ATL2,BUB3,C5orf41,CADM1,CDC42EP4,CTNND1,DR1,FEM1B,GAS1,GNB3,HIPK2,HP1BP3,ITPR1,LMNA,MAP3K7IP2,MEPCE,MET,MGAT2,NIPBL,NR3C1,PHF15,PSMD11,QRICH1,RANGAP1,RERE,SAP30,SLIT1,SORL1,SRF,TLE3,TNPO2,TRIP13,TUBD1,UBE2D2,WIBG,ZNF521
YY1_XiRen	Targets of YY1 identified by ChIP-chip	9.275727e-04	1.261499e+01	55	4.359893e+00	4.044118e-03	1.118005e-18	668	5.582566e+01	49	8.777326e-01	3.349282e-02	7.335329e-02	8.523554e-01	,,,,,,,,,,,,,,,,,,,,,,,,,,,,,,,,,,,,,,,,,,,,,,,,,,,,,,	AFTPH,AP4S1,ARV1,ATF7IP,CNNM2,COL4A3BP,CPEB4,CSDE1,CTNND1,DCP1B,FUBP1,GDF5,HIPK1,HOXC4,IKZF5,KIAA0652,MKRN3,MLH1,NCDN,NDRG3,NFE2L1,OAZ1,PCIF1,PIGL,PLOD3,PRKCSH,PRPF38B,PRRT2,RAB7A,RBM39,RPRD2,SEPT7,SF1,SFRS2,SLC39A7,SNAP25,SPEF1,TAF5,THAP2,TIAL1,TMEM59,TTLL11,WDR42A,YBX1,ZBTB17,ZCWPW1,ZNF143,ZNF830,ZRANB3
HSF1_Page	Targets of HSF1, identified by ChIP-chip in HeLa cells under heat shock	4.328310e-04	5.886501e+00	37	6.285567e+00	2.720588e-03	7.033489e-18	313	2.615783e+01	35	1.338031e+00	2.392344e-02	1.118211e-01	4.712967e-02	,,,,,,,,,,,,,,,,,,,,,,,,,,,,,,,,,,,,	ATPAF1,CDC42EP3,CTNND1,DIO2,EGR4,EN1,GGPS1,GLT25D2,GNB1,GYPC,HIPK1,HNMT,HSPA4L,IGSF21,IL7R,ITGB6,KCNA10,LIN28,NNAT,NR4A2,PRKCSH,PTN,RGS8,RPRD2,S1PR1,SLC4A10,TAF7,TBX3,THAP2,TMEM115,TMEM59,TSPAN1,UBL4B,WDR26,ZBTB47
Nrf1_Cam	Targets of NRF1, identified by ChIP-chip in quiescent T98G cells	9.042626e-04	1.229797e+01	52	4.228340e+00	3.823529e-03	3.257857e-17	681	5.691209e+01	46	8.082642e-01	3.144224e-02	6.754772e-02	9.499585e-01	,,,,,,,,,,,,,,,,,,,,,,,,,,,,,,,,,,,,,,,,,,,,,,,,,,,	AFTPH,AK098727,CAPNS1,CSDE1,EIF4E,ELOVL1,FN1,FUSIP1,GABRA2,GOLGA4,GRB2,LSM4,MLH1,NFYA,NTN4,PCIF1,PITPNB,PSME3,PTPN4,RAB30,RBL2,REV3L,RPS6KB1,RQCD1,RXRB,SERTAD1,SF3B2,SFRS2,SLC39A7,SMAP1,SNRNP70,TAF7,TDRD3,TIAL1,TMEM115,TRIM46,TSPAN12,TUBD1,UBE2D2,WDR42A,YAP1,YEATS4,ZNF143,ZNF281,ZNF644,ZNHIT1
HNF6_Odom	Targets of HNF6, identified by ChIP-chip in hepatocytes	3.010737e-04	4.094602e+00	24	5.861376e+00	1.764706e-03	1.559915e-11	224	1.871998e+01	19	1.014958e+00	1.298701e-02	8.482143e-02	5.081278e-01	,,,,,,,,,,,,,,,,,,,,,,,	ABCB11,ACVR1,CACNA1D,CDC25A,CDC2L5,EIF4A1,EIF4E,GRB2,HIVEP3,HNMT,NUTF2,PABPC1,PPP2R5A,SERPING1,SPAST,SRF,SUPT16H,TRPC4AP,UTP3
HCC-G1S_Whitfield	Genes whose expression peaks periodically in the G1/S cell cycle phase	3.443723e-04	4.683463e+00	25	5.337930e+00	1.838235e-03	4.156221e-11	248	2.072569e+01	15	7.237393e-01	1.025290e-02	6.048387e-02	9.305127e-01	,,,,,,,,,,,,,,,,,,,,,,,,	ACD,CALD1,CALM3,CDC25A,EZH2,FBXL20,FUSIP1,HOXB4,KIAA1598,LMO4,MYCBP2,PCDH7,RUNX1,UHRF1,ZNF367
NFkB_Schreiber	Genes bound by one of the five NF-kB subunits in U937 cells before or 1 hour after lipopolysaccharide stimulation	3.842770e-04	5.226167e+00	23	4.400931e+00	1.691176e-03	8.640993e-09	286	2.390141e+01	19	7.949323e-01	1.298701e-02	6.643357e-02	8.803114e-01	,,,,,,,,,,,,,,,,,,,,,,	BCL6,CREB1,CSDE1,DR1,GDF5,GYPC,HNMT,ITGA5,LMNA,NOVA1,OAZ1,PRDM8,SFRS2,SLC25A12,SOX8,SRF,STAT5A,STAT6,ZNHIT1
SRF_Cooper	Targets of SRF, identified by ChIP-chip in different cell lines: Jurkat, T/G HA-VSMC, and Be(2)-C cells	2.385762e-04	3.244636e+00	18	5.547618e+00	1.323529e-03	1.155246e-08	175	1.462499e+01	13	8.888898e-01	8.885851e-03	7.428571e-02	7.115816e-01	,,,,,,,,,,,,,,,,,	AARSD1,AKAP12,C14orf43,CALD1,HIPK1,LMO3,MCL1,MEIS1,NR2F1,NR4A2,SRF,TAF5,ZNF644
E2F_Ren	Targets of E2F4 that are expressed during cell cycle entry, identified by ChIP-chip in quiescent WI-38 cells	1.091659e-04	1.484657e+00	11	7.409121e+00	8.088235e-04	4.981479e-07	78	6.518565e+00	9	1.380672e+00	6.151743e-03	1.153846e-01	2.022822e-01	,,,,,,,,,,	BUB3,CDC25A,E2F3,FGF7,MLH1,NFE2L1,PPP2R2B,PRKCSH,SFRS2
HNF1a_Odom	Targets of HNF1alpha, identified by ChIP-chip in hepatocytes	2.769637e-04	3.766707e+00	15	3.982258e+00	1.102941e-03	9.988784e-06	199	1.663070e+01	13	7.816870e-01	8.885851e-03	6.532663e-02	8.579842e-01	,,,,,,,,,,,,,,	AFTPH,CD55,CNTNAP2,G0S2,HNMT,HSD17B2,IGF1R,SERPING1,SGK2,TSC22D2,TSPAN12,ZBTB20,ZNF365
p53_Kannan	Primary targets of p53: genes that were up-regulated under the induction of p53 and inhibition of protein synthesis by cycloheximide in H1299Val135 cells	5.178383e-05	7.042602e-01	6	8.519579e+00	4.411765e-04	9.294896e-05	37	3.092140e+00	5	1.617003e+00	3.417635e-03	1.351351e-01	1.931457e-01	,,,,,	BCL6,NDN,NHLH2,PDLIM4,VCAN
E2F4_Cam	Genes that are bound by both E2F4 and p130 in three different growth arrest conditions, identified by ChIP-chip in T98G and U2OS cells under growth arrest	2.873817e-04	3.908392e+00	8	2.046878e+00	5.882353e-04	4.584093e-02	222	1.855284e+01	5	2.695005e-01	3.417635e-03	2.252252e-02	9.999701e-01	,,,,,,,	C9orf5,CDC25A,E2F3,GRIN2D,LSM4
