# GREAT version 1.7.0	Species assembly: hg18	Association rule: Basal+extension: 2000 bp upstream, 2000 bp downstream, 0 bp max extension, curated regulatory domains excluded
# ID	Desc	GenomeFrac	ExpRegions	ObsRegions	RegionFoldEnrich	SetCov	BinomP	TotalGenes	ExpGenes	ObsGenes	GeneFoldEnrich	GeneSetCov	TermCov	HyperP	Regions	Genes
P00057	Wnt signaling pathway	3.693272e-04	5.022850e+00	53	1.055178e+01	3.897059e-03	2.209228e-35	264	2.206284e+01	38	1.722353e+00	2.597403e-02	1.439394e-01	6.767889e-04	,,,,,,,,,,,,,,,,,,,,,,,,,,,,,,,,,,,,,,,,,,,,,,,,,,,,	ACVR1C,ARID1A,ARRB1,BCL9,CDH1,CDH13,CDH6,CDH8,CER1,EN1,FBXW11,FZD1,FZD8,GNB1,GNB3,GNG2,INO80,ITPR1,NFATC3,NKD1,NLK,PCDH1,PCDH7,PCDHAC2,PLCB3,PPP2R5A,PPP2R5E,PPP3CA,SMAD1,SMARCD3,SMARCE1,SRCAP,TCF7L2,TLE1,TLE3,WNT10A,WNT2,WNT9B
P00052	TGF-beta signaling pathway	1.301594e-04	1.770167e+00	26	1.468788e+01	1.911765e-03	1.242609e-21	93	7.772135e+00	19	2.444631e+00	1.298701e-02	2.043011e-01	2.118604e-04	,,,,,,,,,,,,,,,,,,,,,,,,,	ACVR1,ACVR1C,ACVR2A,AMHR2,BMP1,BMP6,BMP7,BMPR2,CITED2,DCP1B,GDF10,GDF5,GDNF,INHBB,SKIL,SMAD1,SMAD6,SMAD7,TGFB3
P00039	Metabotropic glutamate receptor group III pathway	9.097160e-05	1.237214e+00	22	1.778189e+01	1.617647e-03	2.904590e-20	65	5.432138e+00	20	3.681792e+00	1.367054e-02	3.076923e-01	1.769513e-07	,,,,,,,,,,,,,,,,,,,,,	CACNA1A,CACNA1E,GNB1,GNB3,GNG2,GRIA1,GRIA4,GRIK1,GRIK5,GRIN2A,GRIN2B,GRIN2D,GRM1,GRM4,GRM7,PRKAR2A,SLC1A2,SNAP25,SNAP29,VAMP2
P00021	FGF signaling pathway	1.567511e-04	2.131815e+00	26	1.219618e+01	1.911765e-03	1.103787e-19	112	9.359991e+00	22	2.350430e+00	1.503759e-02	1.964286e-01	1.279930e-04	,,,,,,,,,,,,,,,,,,,,,,,,,	AKT3,FGF1,FGF10,FGF11,FGF14,FGF18,FGF5,FGF7,FGF9,FGFR1,FGFR2,FRS3,GRB2,MAP3K3,PIK3CA,PPP2R2B,PPP2R5A,PPP2R5E,PPP4C,SFN,SHC3,SPRY4
P00027	Heterotrimeric G-protein signaling pathway-Gq alpha and Go alpha mediated pathway	1.528088e-04	2.078200e+00	25	1.202964e+01	1.838235e-03	7.533372e-19	112	9.359991e+00	22	2.350430e+00	1.503759e-02	1.964286e-01	1.279930e-04	,,,,,,,,,,,,,,,,,,,,,,,,	CACNA1A,CACNA1E,CHRM1,CHRM2,GNB1,GNB3,GNG2,GRM1,GRM3,GRM4,GRM7,ITPR1,OPRD1,PLCB3,RAP1A,RAP1GAP,RGS10,RGS14,RGS17,RGS8,SSTR2,SSTR5
P00026	Heterotrimeric G-protein signaling pathway-Gi alpha and Gs alpha mediated pathway	2.143896e-04	2.915699e+00	28	9.603186e+00	2.058824e-03	1.988502e-18	155	1.295356e+01	24	1.852773e+00	1.640465e-02	1.548387e-01	2.358813e-03	,,,,,,,,,,,,,,,,,,,,,,,,,,,	ADCY3,ADCY4,ADRB1,ARRB1,CALM3,CHRM1,CHRM2,CREB1,GNB1,GNG2,GRM1,GRM3,GRM4,GRM7,HRH3,OPRD1,PRKAR2A,RAP1A,RGS10,RGS14,RGS17,RGS8,SSTR2,SSTR5
P00037	Ionotropic glutamate receptor pathway	6.298034e-05	8.565326e-01	17	1.984746e+01	1.250000e-03	8.928752e-17	45	3.760711e+00	15	3.988608e+00	1.025290e-02	3.333333e-01	1.959446e-06	,,,,,,,,,,,,,,,,	CACNA1A,CACNA1E,GRIA1,GRIA4,GRIK1,GRIK5,GRIN2A,GRIN2B,GRIN2D,GRM3,SLC17A6,SLC1A2,SNAP25,SNAP29,VAMP2
P00012	Cadherin signaling pathway	1.733884e-04	2.358082e+00	21	8.905543e+00	1.544118e-03	1.364505e-13	124	1.036285e+01	16	1.543977e+00	1.093643e-02	1.290323e-01	5.366637e-02	,,,,,,,,,,,,,,,,,,,,	CDH1,CDH13,CDH6,CDH8,CTNND1,ERBB2,ERBB4,FZD1,FZD8,PCDH1,PCDH7,PCDHAC2,TCF7L2,WNT10A,WNT2,WNT9B
P00029	Huntington disease	1.791441e-04	2.436359e+00	20	8.208969e+00	1.470588e-03	2.183470e-12	128	1.069713e+01	17	1.589211e+00	1.161996e-02	1.328125e-01	3.786722e-02	,,,,,,,,,,,,,,,,,,,	AKT3,ARFIP2,ARPC5L,CAPN1,CAPNS1,DLG4,DYNLL1,DYNLL2,GRIK1,GRIK5,GRIN2A,GRIN2B,GRIN2D,HTT,NCOR1,SIN3A,WASL
P00018	EGF receptor signaling pathway	1.623493e-04	2.207951e+00	19	8.605264e+00	1.397059e-03	3.451664e-12	116	9.694276e+00	16	1.650458e+00	1.093643e-02	1.379310e-01	3.184039e-02	,,,,,,,,,,,,,,,,,,	AKT3,CBL,ERBB2,ERBB4,GRB2,MAP2K7,MAP3K3,PIK3CA,PPP2R5A,PPP2R5E,RASAL2,SFN,SHC3,SPRY4,STAT5A,STAT6
P00031	Inflammation mediated by chemokine and cytokine signaling pathway	2.841113e-04	3.863914e+00	24	6.211319e+00	1.764706e-03	4.831004e-12	203	1.696498e+01	22	1.296789e+00	1.503759e-02	1.083744e-01	1.254245e-01	,,,,,,,,,,,,,,,,,,,,,,,	AKT3,ARPC5L,ARRB1,CCR10,CCR7,COL14A1,COL6A3,GNB3,GNG2,GRB2,ITPR1,MAP3K3,NFAT5,NFATC3,PAK1,PIK3CA,PLCB3,PLCL1,PTEN,PTK2B,RGS17,VWF
P00042	Muscarinic acetylcholine receptor 1 and 3 signaling pathway	7.968273e-05	1.083685e+00	14	1.291888e+01	1.029412e-03	1.280940e-11	57	4.763567e+00	11	2.309194e+00	7.518797e-03	1.929825e-01	6.857225e-03	,,,,,,,,,,,,,	CHRM1,GNB1,GNB3,GNG2,GRIN2A,GRIN2B,GRIN2D,ITPR1,SNAP25,SNAP29,VAMP2
P04377	Beta1 adrenergic receptor signaling pathway	6.018121e-05	8.184645e-01	12	1.466160e+01	8.823529e-04	8.840591e-11	43	3.593568e+00	11	3.061025e+00	7.518797e-03	2.558140e-01	6.284516e-04	,,,,,,,,,,,	ADRB1,CACNA1D,CACNB4,GNB1,GNB3,GNG2,PRKAR2A,RYR2,SNAP25,SNAP29,VAMP2
P00033	Insulin/IGF pathway-protein kinase B signaling cascade	4.898471e-05	6.661920e-01	11	1.651176e+01	8.088235e-04	1.556888e-10	35	2.924997e+00	8	2.735045e+00	5.468216e-03	2.285714e-01	7.129712e-03	,,,,,,,,,,	FOXO3,IGF1,IGF1R,IRS1,IRS2,PIK3CA,PTEN,TSC1
P04394	Thyrotropin-releasing hormone receptor signaling pathway	7.977510e-05	1.084941e+00	13	1.198221e+01	9.558824e-04	1.688717e-10	57	4.763567e+00	12	2.519121e+00	8.202324e-03	2.105263e-01	2.281984e-03	,,,,,,,,,,,,	CACNA1A,CACNA1E,CACNB4,GNB1,GNB3,GNG2,PLCB3,PLCL1,SNAP25,SNAP29,TRHR,VAMP2
P00005	Angiogenesis	2.130922e-04	2.898054e+00	19	6.556123e+00	1.397059e-03	3.160858e-10	153	1.278642e+01	16	1.251328e+00	1.093643e-02	1.045752e-01	2.085002e-01	,,,,,,,,,,,,,,,,,,	AKT3,DOK2,FGF1,FGFR1,FRS3,FZD1,GRB2,LPXN,NOTCH4,PAK1,PDGFRA,PIK3CA,TCF7L2,VEGFA,WNT10A,WNT2
P00004	Alzheimer disease-presenilin pathway	1.679476e-04	2.284087e+00	17	7.442799e+00	1.250000e-03	4.076514e-10	120	1.002856e+01	16	1.595443e+00	1.093643e-02	1.333333e-01	4.173940e-02	,,,,,,,,,,,,,,,,	APP,CDH1,ERBB4,ERN1,FZD1,FZD8,LRP1B,LRP2,MMP13,MMP16,NOTCH4,TCF7L2,TRPC1,WNT10A,WNT2,WNT9B
P04374	5HT2 type receptor mediated signaling pathway	8.957204e-05	1.218180e+00	13	1.067166e+01	9.558824e-04	6.732127e-10	64	5.348566e+00	11	2.056626e+00	7.518797e-03	1.718750e-01	1.620353e-02	,,,,,,,,,,,,	CACNA1D,CACNB4,GNB1,GNB3,GNG2,KCNK9,PLCB3,PLCL1,SNAP25,SNAP29,VAMP2
P04378	Beta2 adrenergic receptor signaling pathway	6.018121e-05	8.184645e-01	11	1.343980e+01	8.088235e-04	1.304334e-09	43	3.593568e+00	10	2.782750e+00	6.835270e-03	2.325581e-01	2.395537e-03	,,,,,,,,,,	CACNA1D,CACNB4,GNB1,GNB3,GNG2,PRKAR2A,RYR2,SNAP25,SNAP29,VAMP2
P00041	Metabotropic glutamate receptor group I pathway	3.498908e-05	4.758515e-01	9	1.891347e+01	6.617647e-04	2.243193e-09	25	2.089284e+00	8	3.829064e+00	5.468216e-03	3.200000e-01	6.930120e-04	,,,,,,,,	GRIK1,GRIK5,GRIN2A,GRIN2B,GRIN2D,GRM1,HOMER1,ITPR1
P00034	Integrin signalling pathway	2.217027e-04	3.015157e+00	18	5.969839e+00	1.323529e-03	3.825458e-09	161	1.345499e+01	19	1.412116e+00	1.298701e-02	1.180124e-01	7.932020e-02	,,,,,,,,,,,,,,,,,	ARPC5L,COL13A1,COL14A1,COL2A1,COL4A1,COL4A2,COL6A3,COL8A2,FN1,GRB2,ITGA5,ITGA7,ITGB6,MAP3K3,PIK3CA,PTK2B,PTPN12,RAP1A,RAP2A
P00032	Insulin/IGF pathway-mitogen activated protein kinase kinase/MAP kinase cascade	4.198689e-05	5.710217e-01	9	1.576122e+01	6.617647e-04	1.062932e-08	30	2.507140e+00	6	2.393165e+00	4.101162e-03	2.000000e-01	3.516462e-02	,,,,,,,,	GRB2,IGF1,IGF1R,IRS1,IRS2,RPS6KB1
P04391	Oxytocin receptor mediated signaling pathway	7.697597e-05	1.046873e+00	11	1.050748e+01	8.088235e-04	1.588319e-08	55	4.596424e+00	10	2.175604e+00	6.835270e-03	1.818182e-01	1.468455e-02	,,,,,,,,,,	CACNA1D,CACNB4,GNB1,GNB3,GNG2,PLCB3,PLCL1,SNAP25,SNAP29,VAMP2
P00040	Metabotropic glutamate receptor group II pathway	6.437990e-05	8.755667e-01	10	1.142117e+01	7.352941e-04	3.291842e-08	46	3.844282e+00	10	2.601266e+00	6.835270e-03	2.173913e-01	4.050530e-03	,,,,,,,,,	CACNA1A,CACNA1E,GNB1,GNB3,GNG2,GRM3,PRKAR2A,SNAP25,SNAP29,VAMP2
P00010	B cell activation	8.537335e-05	1.161078e+00	11	9.473958e+00	8.088235e-04	4.471859e-08	61	5.097852e+00	7	1.373127e+00	4.784689e-03	1.147541e-01	2.459053e-01	,,,,,,,,,,	CALM3,GRB2,ITPR1,MAP3K3,NFATC3,PIK3CA,PPP3CA
P00046	Oxidative stress response	6.997816e-05	9.517029e-01	10	1.050748e+01	7.352941e-04	7.075248e-08	50	4.178567e+00	9	2.153848e+00	6.151743e-03	1.800000e-01	2.136334e-02	,,,,,,,,,	BCL2,DUSP10,DUSP15,DUSP16,DUSP26,MAP3K3,MAPKAPK5,MAX,MEF2C
P00053	T cell activation	1.139241e-04	1.549368e+00	12	7.745096e+00	8.823529e-04	9.585266e-08	82	6.852850e+00	8	1.167397e+00	5.468216e-03	9.756098e-02	3.782145e-01	,,,,,,,,,,,	AKT3,CALM3,GRB2,ITPR1,NFATC3,PAK1,PIK3CA,PPP3CA
P00048	PI3 kinase pathway	7.277728e-05	9.897710e-01	10	1.010335e+01	7.352941e-04	1.011982e-07	52	4.345710e+00	10	2.301120e+00	6.835270e-03	1.923077e-01	9.964615e-03	,,,,,,,,,	AKT3,CCND2,FOXO3,GNB1,GNB3,GRB2,IRS1,PIK3CA,PTEN,RPS6KB1
P04376	5HT4 type receptor mediated signaling pathway	4.198689e-05	5.710217e-01	8	1.400997e+01	5.882353e-04	1.687379e-07	30	2.507140e+00	7	2.792026e+00	4.784689e-03	2.333333e-01	1.032195e-02	,,,,,,,	GNB1,GNB3,GNG2,KCNK9,SNAP25,SNAP29,VAMP2
P04373	5HT1 type receptor mediated signaling pathway	6.018121e-05	8.184645e-01	9	1.099620e+01	6.617647e-04	2.175770e-07	43	3.593568e+00	8	2.226200e+00	5.468216e-03	1.860465e-01	2.430958e-02	,,,,,,,,	GNB1,GNB3,GNG2,KCNK9,PRKAR2A,SNAP25,SNAP29,VAMP2
P00043	Muscarinic acetylcholine receptor 2 and 4 signaling pathway	7.968273e-05	1.083685e+00	10	9.227773e+00	7.352941e-04	2.302043e-07	57	4.763567e+00	9	1.889341e+00	6.151743e-03	1.578947e-01	4.566649e-02	,,,,,,,,,	CHRM2,GNB1,GNB3,GNG2,PRKAR2A,SNAP25,SNAP29,STX16,VAMP2
P00059	p53 pathway	1.091659e-04	1.484657e+00	11	7.409121e+00	8.088235e-04	4.981479e-07	78	6.518565e+00	9	1.380672e+00	6.151743e-03	1.153846e-01	2.022822e-01	,,,,,,,,,,	AKT3,BAI3,MTA2,MYST4,PIK3CA,PTEN,SFN,SIN3A,WRN
P00008	Axon guidance mediated by Slit/Robo	2.099345e-05	2.855109e-01	6	2.101496e+01	4.411765e-04	5.887935e-07	15	1.253570e+00	4	3.190886e+00	2.734108e-03	2.666667e-01	3.142303e-02	,,,,,	DCC,SLIT1,SLIT2,SLIT3
P00036	Interleukin signaling pathway	1.371572e-04	1.865338e+00	12	6.433151e+00	8.823529e-04	6.661620e-07	98	8.189992e+00	12	1.465203e+00	8.202324e-03	1.224490e-01	1.159418e-01	,,,,,,,,,,,	AKT3,FOXO3,GRB2,IL15RA,IRS1,IRS2,MAP3K3,PIK3CA,SPI1,SRF,STAT5A,STAT6
P04380	Cortocotropin releasing factor receptor signaling pathway	4.058733e-05	5.519877e-01	7	1.268144e+01	5.147059e-04	1.912384e-06	29	2.423569e+00	7	2.888302e+00	4.784689e-03	2.413793e-01	8.514417e-03	,,,,,,	CRHR2,GNB1,GNB3,GNG2,SNAP25,SNAP29,VAMP2
P00025	Hedgehog signaling pathway	2.659170e-05	3.616471e-01	6	1.659076e+01	4.411765e-04	2.279161e-06	19	1.587856e+00	5	3.148901e+00	3.417635e-03	2.631579e-01	1.746279e-02	,,,,,	FBXW11,PRKAR2A,PTCH1,SMO,STK36
P05730	Endogenous cannabinoid signaling	3.218995e-05	4.377833e-01	6	1.370541e+01	4.411765e-04	6.722007e-06	23	1.922141e+00	6	3.121519e+00	4.101162e-03	2.608696e-01	9.847155e-03	,,,,,	CACNA1A,CACNA1G,GNB1,GNB3,GNG2,PLCB3
P04393	Ras Pathway	9.656985e-05	1.313350e+00	9	6.852705e+00	6.617647e-04	9.879503e-06	69	5.766423e+00	9	1.560760e+00	6.151743e-03	1.304348e-01	1.197945e-01	,,,,,,,,	AKT3,GRB2,MAP2K7,MAP3K1,PAK1,PIK3CA,RGL2,SRF,TIAM1
P04379	Beta3 adrenergic receptor signaling pathway	3.498908e-05	4.758515e-01	6	1.260898e+01	4.411765e-04	1.073314e-05	25	2.089284e+00	6	2.871798e+00	4.101162e-03	2.400000e-01	1.496832e-02	,,,,,	GNB1,GNB3,GNG2,SNAP25,SNAP29,VAMP2
P05731	GABA-B receptor II signaling	5.318340e-05	7.232942e-01	7	9.677943e+00	5.147059e-04	1.093483e-05	38	3.175711e+00	7	2.204231e+00	4.784689e-03	1.842105e-01	3.579753e-02	,,,,,,	ADCY4,CACNA1A,CACNA1G,GNB1,GNB3,GNG2,PRKAR2A
P00044	Nicotinic acetylcholine receptor signaling pathway	1.286674e-04	1.749877e+00	10	5.714687e+00	7.352941e-04	1.525459e-05	92	7.688564e+00	8	1.040506e+00	5.468216e-03	8.695652e-02	5.073716e-01	,,,,,,,,,	CACNA1D,CHRNA4,MYO1C,MYO3B,SNAP25,SNAP29,STX16,VAMP2
P04375	5HT3 type receptor mediated signaling pathway	2.239301e-05	3.045449e-01	5	1.641794e+01	3.676471e-04	1.694273e-05	16	1.337142e+00	4	2.991456e+00	2.734108e-03	2.500000e-01	3.920041e-02	,,,,	KCNK9,SNAP25,SNAP29,VAMP2
P00007	Axon guidance mediated by semaphorins	2.799126e-05	3.806812e-01	5	1.313435e+01	3.676471e-04	4.855339e-05	20	1.671427e+00	4	2.393165e+00	2.734108e-03	2.000000e-01	8.016937e-02	,,,,	NRP1,PAK1,PLXNA1,SEMA3A
P00019	Endothelin signaling pathway	1.049672e-04	1.427554e+00	8	5.603990e+00	5.882353e-04	1.213974e-04	75	6.267851e+00	8	1.276355e+00	5.468216e-03	1.066667e-01	2.886205e-01	,,,,,,,	ADCY3,ADCY4,AKT3,ITPR1,PIK3CA,PLCB3,PRKAR2A,PRKG1
P04385	Histamine H1 receptor mediated signaling pathway	5.878165e-05	7.994304e-01	6	7.505343e+00	4.411765e-04	1.834937e-04	42	3.509997e+00	6	1.709403e+00	4.101162e-03	1.428571e-01	1.346181e-01	,,,,,	GNB1,GNB3,GNG2,ITPR1,PLCB3,PLCL1
P00013	Cell cycle	2.239301e-05	3.045449e-01	4	1.313435e+01	2.941176e-04	2.811701e-04	16	1.337142e+00	3	2.243592e+00	2.050581e-03	1.875000e-01	1.443040e-01	,,,	CCND2,PSMD11,PSME3
P00003	Alzheimer disease-amyloid secretase pathway	9.377073e-05	1.275282e+00	7	5.488982e+00	5.147059e-04	3.600229e-04	67	5.599280e+00	5	8.929719e-01	3.417635e-03	7.462687e-02	6.688080e-01	,,,,,,	APP,CACNA1D,CHRM1,CHRM2,MAPKAPK5
P00055	Transcription regulation by bZIP transcription factor	6.857859e-05	9.326689e-01	6	6.433151e+00	4.411765e-04	4.135657e-04	51	4.262139e+00	5	1.173120e+00	3.417635e-03	9.803922e-02	4.244359e-01	,,,,,	AK098727,CREB1,CREB3L2,PRKAR2A,TAF7
P02771	Pyrimidine Metabolism	1.259607e-05	1.713065e-01	3	1.751247e+01	2.205882e-04	7.371056e-04	9	7.521421e-01	2	2.659072e+00	1.367054e-03	2.222222e-01	1.698624e-01	,,	ALDH6A1,DPYSL3
P00045	Notch signaling pathway	5.178383e-05	7.042602e-01	5	7.099649e+00	3.676471e-04	8.064805e-04	37	3.092140e+00	5	1.617003e+00	3.417635e-03	1.351351e-01	1.931457e-01	,,,,	FBXW7,HELT,HES1,HEY1,NOTCH4
P00002	Alpha adrenergic receptor signaling pathway	3.079039e-05	4.187493e-01	4	9.552255e+00	2.941176e-04	9.183439e-04	22	1.838570e+00	4	2.175604e+00	2.734108e-03	1.818182e-01	1.062540e-01	,,,	ITPR1,PLCB3,SNAP25,VAMP2
P00047	PDGF signaling pathway	1.833428e-04	2.493462e+00	9	3.609440e+00	6.617647e-04	1.118542e-03	131	1.094785e+01	9	8.220795e-01	6.151743e-03	6.870229e-02	7.759069e-01	,,,,,,,,	GRB2,ITPR1,PIK3CA,RPS6KB1,SHC3,SPDEF,SRF,STAT5A,STAT6
P04386	Histamine H2 receptor mediated signaling pathway	3.358951e-05	4.568174e-01	4	8.756234e+00	2.941176e-04	1.262226e-03	24	2.005712e+00	4	1.994304e+00	2.734108e-03	1.666667e-01	1.356371e-01	,,,	GNB1,GNB3,GNG2,PRKAR2A
P00006	Apoptosis signaling pathway	1.510681e-04	2.054527e+00	8	3.893841e+00	5.882353e-04	1.295862e-03	109	9.109277e+00	7	7.684474e-01	4.784689e-03	6.422018e-02	8.156550e-01	,,,,,,,	AKT3,BCL2,BCL2L11,CREB1,MCL1,PIK3CA,REL
P00009	Axon guidance mediated by netrin	3.638864e-05	4.948855e-01	4	8.082678e+00	2.941176e-04	1.687257e-03	26	2.172855e+00	4	1.840896e+00	2.734108e-03	1.538462e-01	1.678806e-01	,,,	DCC,NFATC3,PIK3CA,UNC5B
P00030	Hypoxia response via HIF activation	3.638864e-05	4.948855e-01	4	8.082678e+00	2.941176e-04	1.687257e-03	26	2.172855e+00	4	1.840896e+00	2.734108e-03	1.538462e-01	1.678806e-01	,,,	AKT3,EGLN2,PIK3CA,PTEN
P00054	Toll receptor signaling pathway	6.437990e-05	8.755667e-01	5	5.710587e+00	3.676471e-04	2.082770e-03	46	3.844282e+00	5	1.300633e+00	3.417635e-03	1.086957e-01	3.392265e-01	,,,,	CD14,MYD88,NFKBIE,TRAF6,UBE2N
P00011	Blood coagulation	5.458296e-05	7.423283e-01	4	5.388452e+00	2.941176e-04	7.038287e-03	39	3.259283e+00	4	1.227264e+00	2.734108e-03	1.025641e-01	4.131282e-01	,,,	APP,GP1BB,PLAT,VWF
P04397	p53 pathway by glucose deprivation	2.939083e-05	3.997152e-01	3	7.505343e+00	2.205882e-04	7.909810e-03	21	1.754998e+00	3	1.709403e+00	2.050581e-03	1.428571e-01	2.542022e-01	,,	AKT3,RPS6KB1,TSC1
P05734	Synaptic vesicle trafficking	3.778820e-05	5.139196e-01	3	5.837489e+00	2.205882e-04	1.546286e-02	27	2.256426e+00	3	1.329536e+00	2.050581e-03	1.111111e-01	3.953073e-01	,,	SNAP25,SYT7,VAMP2
P00001	Adrenaline and noradrenaline biosynthesis	3.918777e-05	5.329536e-01	3	5.629008e+00	2.205882e-04	1.700761e-02	28	2.339998e+00	3	1.282053e+00	2.050581e-03	1.071429e-01	4.184445e-01	,,	SNAP25,SNAP29,VAMP2
P00056	VEGF signaling pathway	8.013373e-05	1.089819e+00	4	3.670335e+00	2.941176e-04	2.499107e-02	58	4.847138e+00	3	6.189219e-01	2.050581e-03	5.172414e-02	8.735019e-01	,,,	LPXN,PIK3CA,VEGFA
P00023	General transcription regulation	4.618558e-05	6.281239e-01	3	4.776128e+00	2.205882e-04	2.598130e-02	35	2.924997e+00	2	6.837614e-01	1.367054e-03	5.714286e-02	8.026666e-01	,,	AK098727,TAF7
P00028	Heterotrimeric G-protein signaling pathway-rod outer segment phototransduction	4.758515e-05	6.471580e-01	3	4.635653e+00	2.205882e-04	2.802627e-02	34	2.841426e+00	3	1.055808e+00	2.050581e-03	8.823529e-02	5.492107e-01	,,	CALM3,GNB1,GNG2
P00020	FAS signaling pathway	4.898471e-05	6.661920e-01	3	4.503206e+00	2.205882e-04	3.015426e-02	36	3.008568e+00	3	9.971520e-01	2.050581e-03	8.333333e-02	5.888054e-01	,,	AKT3,LMNA,PARP3
P00038	JAK/STAT signaling pathway	2.099345e-05	2.855109e-01	2	7.004987e+00	1.470588e-04	3.376964e-02	15	1.253570e+00	2	1.595443e+00	1.367054e-03	1.333333e-01	3.605271e-01	,	STAT5A,STAT6
P00050	Plasminogen activating cascade	2.099345e-05	2.855109e-01	2	7.004987e+00	1.470588e-04	3.376964e-02	15	1.253570e+00	2	1.595443e+00	1.367054e-03	1.333333e-01	3.605271e-01	,	MMP13,PLAT
P00016	Cytoskeletal regulation by Rho GTPase	1.007685e-04	1.370452e+00	4	2.918745e+00	2.941176e-04	5.044036e-02	73	6.100708e+00	3	4.917462e-01	2.050581e-03	4.109589e-02	9.498434e-01	,,,	PAK1,PFN2,WASL
P04398	p53 pathway feedback loops 2	6.577947e-05	8.946007e-01	3	3.353451e+00	2.205882e-04	6.196488e-02	47	3.927853e+00	3	7.637760e-01	2.050581e-03	6.382979e-02	7.642098e-01	,,	AKT3,PIK3CA,PTEN
P05726	2-arachidonoylglycerol biosynthesis	8.397379e-06	1.142043e-01	1	8.756234e+00	7.352941e-05	1.079248e-01	6	5.014281e-01	1	1.994304e+00	6.835270e-04	1.666667e-01	4.076778e-01		PLCB3
P02772	Pyruvate metabolism	9.796942e-06	1.332384e-01	1	7.505343e+00	7.352941e-05	1.247442e-01	7	5.849994e-01	1	1.709403e+00	6.835270e-04	1.428571e-01	4.571959e-01		ME1
P04396	Vitamin D metabolism and pathway	1.399563e-05	1.903406e-01	1	5.253740e+00	7.352941e-05	1.733236e-01	10	8.357135e-01	1	1.196582e+00	6.835270e-04	1.000000e-01	5.822805e-01		VDR
P02746	Heme biosynthesis	1.679476e-05	2.284087e-01	1	4.378117e+00	7.352941e-05	2.042026e-01	12	1.002856e+00	1	9.971520e-01	6.835270e-04	8.333333e-02	6.492202e-01		HMBS
P00060	Ubiquitin proteasome pathway	6.298034e-05	8.565326e-01	2	2.334996e+00	1.470588e-04	2.116554e-01	45	3.760711e+00	2	5.318144e-01	1.367054e-03	4.444444e-02	8.997610e-01	,	UBE2D2,UBE2N
P00049	Parkinson disease	1.219373e-04	1.658347e+00	3	1.809030e+00	2.205882e-04	2.318184e-01	88	7.354279e+00	3	4.079258e-01	2.050581e-03	3.409091e-02	9.813289e-01	,,	FBXW11,SFN,UCHL1
P04372	5-Hydroxytryptamine degredation	2.659170e-05	3.616471e-01	1	2.765127e+00	7.352941e-05	3.034752e-01	19	1.587856e+00	1	6.297802e-01	6.835270e-04	5.263158e-02	8.096787e-01		ALDH3B2
P02738	De novo purine biosynthesis	3.778820e-05	5.139196e-01	1	1.945830e+00	7.352941e-05	4.018593e-01	27	2.256426e+00	1	4.431787e-01	6.835270e-04	3.703704e-02	9.054048e-01		IMPDH2
P00014	Cholesterol biosynthesis	1.679476e-05	2.284087e-01	0	0.000000e+00	0.000000e+00	1.000000e+00	12	1.002856e+00	0	0.000000e+00	0.000000e+00	0.000000e+00	1.000000e+00		
P00015	Circadian clock system	1.259607e-05	1.713065e-01	0	0.000000e+00	0.000000e+00	1.000000e+00	9	7.521421e-01	0	0.000000e+00	0.000000e+00	0.000000e+00	1.000000e+00		
P00017	DNA replication	4.058733e-05	5.519877e-01	0	0.000000e+00	0.000000e+00	1.000000e+00	29	2.423569e+00	0	0.000000e+00	0.000000e+00	0.000000e+00	1.000000e+00		
P00022	General transcription by RNA polymerase I	1.959388e-05	2.664768e-01	0	0.000000e+00	0.000000e+00	1.000000e+00	14	1.169999e+00	0	0.000000e+00	0.000000e+00	0.000000e+00	1.000000e+00		
P00024	Glycolysis	8.397379e-06	1.142043e-01	0	0.000000e+00	0.000000e+00	1.000000e+00	6	5.014281e-01	0	0.000000e+00	0.000000e+00	0.000000e+00	1.000000e+00		
P00035	Interferon-gamma signaling pathway	4.124617e-05	5.609480e-01	0	0.000000e+00	0.000000e+00	1.000000e+00	31	2.590712e+00	0	0.000000e+00	0.000000e+00	0.000000e+00	1.000000e+00		
P00051	TCA cycle	8.397379e-06	1.142043e-01	0	0.000000e+00	0.000000e+00	1.000000e+00	6	5.014281e-01	0	0.000000e+00	0.000000e+00	0.000000e+00	1.000000e+00		
P00058	mRNA splicing	6.997816e-06	9.517029e-02	0	0.000000e+00	0.000000e+00	1.000000e+00	5	4.178567e-01	0	0.000000e+00	0.000000e+00	0.000000e+00	1.000000e+00		
P02721	ATP synthesis	5.598252e-06	7.613623e-02	0	0.000000e+00	0.000000e+00	1.000000e+00	4	3.342854e-01	0	0.000000e+00	0.000000e+00	0.000000e+00	1.000000e+00		
P02722	Acetate utilization	4.198689e-06	5.710217e-02	0	0.000000e+00	0.000000e+00	1.000000e+00	3	2.507140e-01	0	0.000000e+00	0.000000e+00	0.000000e+00	1.000000e+00		
P02723	Adenine and hypoxanthine salvage pathway	9.796942e-06	1.332384e-01	0	0.000000e+00	0.000000e+00	1.000000e+00	7	5.849994e-01	0	0.000000e+00	0.000000e+00	0.000000e+00	1.000000e+00		
P02724	Alanine biosynthesis	2.799126e-06	3.806812e-02	0	0.000000e+00	0.000000e+00	1.000000e+00	2	1.671427e-01	0	0.000000e+00	0.000000e+00	0.000000e+00	1.000000e+00		
P02725	Allantoin degradation	1.399563e-06	1.903406e-02	0	0.000000e+00	0.000000e+00	1.000000e+00	1	8.357135e-02	0	0.000000e+00	0.000000e+00	0.000000e+00	1.000000e+00		
P02726	Aminobutyrate degradation	2.799126e-06	3.806812e-02	0	0.000000e+00	0.000000e+00	1.000000e+00	2	1.671427e-01	0	0.000000e+00	0.000000e+00	0.000000e+00	1.000000e+00		
P02727	Androgen/estrogene/progesterone biosynthesis	5.598252e-06	7.613623e-02	0	0.000000e+00	0.000000e+00	1.000000e+00	4	3.342854e-01	0	0.000000e+00	0.000000e+00	0.000000e+00	1.000000e+00		
P02728	Arginine biosynthesis	8.397379e-06	1.142043e-01	0	0.000000e+00	0.000000e+00	1.000000e+00	6	5.014281e-01	0	0.000000e+00	0.000000e+00	0.000000e+00	1.000000e+00		
P02729	Ascorbate degradation	2.799126e-06	3.806812e-02	0	0.000000e+00	0.000000e+00	1.000000e+00	2	1.671427e-01	0	0.000000e+00	0.000000e+00	0.000000e+00	1.000000e+00		
P02730	Asparagine and aspartate biosynthesis	5.598252e-06	7.613623e-02	0	0.000000e+00	0.000000e+00	1.000000e+00	4	3.342854e-01	0	0.000000e+00	0.000000e+00	0.000000e+00	1.000000e+00		
P02736	Coenzyme A biosynthesis	8.397379e-06	1.142043e-01	0	0.000000e+00	0.000000e+00	1.000000e+00	6	5.014281e-01	0	0.000000e+00	0.000000e+00	0.000000e+00	1.000000e+00		
P02737	Cysteine biosynthesis	1.399563e-06	1.903406e-02	0	0.000000e+00	0.000000e+00	1.000000e+00	1	8.357135e-02	0	0.000000e+00	0.000000e+00	0.000000e+00	1.000000e+00		
P02739	De novo pyrimidine deoxyribonucleotide biosynthesis	1.539519e-05	2.093746e-01	0	0.000000e+00	0.000000e+00	1.000000e+00	11	9.192848e-01	0	0.000000e+00	0.000000e+00	0.000000e+00	1.000000e+00		
P02740	De novo pyrimidine ribonucleotides biosythesis	1.259607e-05	1.713065e-01	0	0.000000e+00	0.000000e+00	1.000000e+00	9	7.521421e-01	0	0.000000e+00	0.000000e+00	0.000000e+00	1.000000e+00		
P02741	Flavin biosynthesis	1.399563e-06	1.903406e-02	0	0.000000e+00	0.000000e+00	1.000000e+00	1	8.357135e-02	0	0.000000e+00	0.000000e+00	0.000000e+00	1.000000e+00		
P02742	Tetrahydrofolate biosynthesis	6.997816e-06	9.517029e-02	0	0.000000e+00	0.000000e+00	1.000000e+00	5	4.178567e-01	0	0.000000e+00	0.000000e+00	0.000000e+00	1.000000e+00		
P02743	Formyltetrahydroformate biosynthesis	9.796942e-06	1.332384e-01	0	0.000000e+00	0.000000e+00	1.000000e+00	7	5.849994e-01	0	0.000000e+00	0.000000e+00	0.000000e+00	1.000000e+00		
P02744	Fructose galactose metabolism	9.796942e-06	1.332384e-01	0	0.000000e+00	0.000000e+00	1.000000e+00	7	5.849994e-01	0	0.000000e+00	0.000000e+00	0.000000e+00	1.000000e+00		
P02745	Glutamine glutamate conversion	5.598252e-06	7.613623e-02	0	0.000000e+00	0.000000e+00	1.000000e+00	4	3.342854e-01	0	0.000000e+00	0.000000e+00	0.000000e+00	1.000000e+00		
P02748	Isoleucine biosynthesis	4.198689e-06	5.710217e-02	0	0.000000e+00	0.000000e+00	1.000000e+00	3	2.507140e-01	0	0.000000e+00	0.000000e+00	0.000000e+00	1.000000e+00		
P02749	Leucine biosynthesis	2.799126e-06	3.806812e-02	0	0.000000e+00	0.000000e+00	1.000000e+00	2	1.671427e-01	0	0.000000e+00	0.000000e+00	0.000000e+00	1.000000e+00		
P02750	Lipoate_biosynthesis	1.399563e-06	1.903406e-02	0	0.000000e+00	0.000000e+00	1.000000e+00	1	8.357135e-02	0	0.000000e+00	0.000000e+00	0.000000e+00	1.000000e+00		
P02752	Mannose metabolism	8.397379e-06	1.142043e-01	0	0.000000e+00	0.000000e+00	1.000000e+00	6	5.014281e-01	0	0.000000e+00	0.000000e+00	0.000000e+00	1.000000e+00		
P02753	Methionine biosynthesis	1.399563e-06	1.903406e-02	0	0.000000e+00	0.000000e+00	1.000000e+00	1	8.357135e-02	0	0.000000e+00	0.000000e+00	0.000000e+00	1.000000e+00		
P02754	Methylcitrate cycle	2.799126e-06	3.806812e-02	0	0.000000e+00	0.000000e+00	1.000000e+00	2	1.671427e-01	0	0.000000e+00	0.000000e+00	0.000000e+00	1.000000e+00		
P02755	Methylmalonyl pathway	5.598252e-06	7.613623e-02	0	0.000000e+00	0.000000e+00	1.000000e+00	4	3.342854e-01	0	0.000000e+00	0.000000e+00	0.000000e+00	1.000000e+00		
P02756	N-acetylglucosamine metabolism	8.397379e-06	1.142043e-01	0	0.000000e+00	0.000000e+00	1.000000e+00	6	5.014281e-01	0	0.000000e+00	0.000000e+00	0.000000e+00	1.000000e+00		
P02757	O-antigen biosynthesis	5.598252e-06	7.613623e-02	0	0.000000e+00	0.000000e+00	1.000000e+00	4	3.342854e-01	0	0.000000e+00	0.000000e+00	0.000000e+00	1.000000e+00		
P02758	Ornithine degradation	4.198689e-06	5.710217e-02	0	0.000000e+00	0.000000e+00	1.000000e+00	3	2.507140e-01	0	0.000000e+00	0.000000e+00	0.000000e+00	1.000000e+00		
P02759	Pyridoxal-5-phosphate biosynthesis	2.799126e-06	3.806812e-02	0	0.000000e+00	0.000000e+00	1.000000e+00	2	1.671427e-01	0	0.000000e+00	0.000000e+00	0.000000e+00	1.000000e+00		
P02762	Pentose phosphate pathway	4.198689e-06	5.710217e-02	0	0.000000e+00	0.000000e+00	1.000000e+00	3	2.507140e-01	0	0.000000e+00	0.000000e+00	0.000000e+00	1.000000e+00		
P02766	Phenylethylamine degradation	4.198689e-06	5.710217e-02	0	0.000000e+00	0.000000e+00	1.000000e+00	3	2.507140e-01	0	0.000000e+00	0.000000e+00	0.000000e+00	1.000000e+00		
P02768	Proline biosynthesis	4.198689e-06	5.710217e-02	0	0.000000e+00	0.000000e+00	1.000000e+00	3	2.507140e-01	0	0.000000e+00	0.000000e+00	0.000000e+00	1.000000e+00		
P02769	Purine metabolism	5.598252e-06	7.613623e-02	0	0.000000e+00	0.000000e+00	1.000000e+00	4	3.342854e-01	0	0.000000e+00	0.000000e+00	0.000000e+00	1.000000e+00		
P02770	Pyridoxal phosphate salvage pathway	2.799126e-06	3.806812e-02	0	0.000000e+00	0.000000e+00	1.000000e+00	2	1.671427e-01	0	0.000000e+00	0.000000e+00	0.000000e+00	1.000000e+00		
P02773	S-adenosylmethionine biosynthesis	4.198689e-06	5.710217e-02	0	0.000000e+00	0.000000e+00	1.000000e+00	3	2.507140e-01	0	0.000000e+00	0.000000e+00	0.000000e+00	1.000000e+00		
P02774	Salvage pyrimidine deoxyribonucleotides	4.198689e-06	5.710217e-02	0	0.000000e+00	0.000000e+00	1.000000e+00	3	2.507140e-01	0	0.000000e+00	0.000000e+00	0.000000e+00	1.000000e+00		
P02775	Salvage pyrimidine ribonucleotides	1.259607e-05	1.713065e-01	0	0.000000e+00	0.000000e+00	1.000000e+00	9	7.521421e-01	0	0.000000e+00	0.000000e+00	0.000000e+00	1.000000e+00		
P02776	Serine glycine biosynthesis	6.997816e-06	9.517029e-02	0	0.000000e+00	0.000000e+00	1.000000e+00	5	4.178567e-01	0	0.000000e+00	0.000000e+00	0.000000e+00	1.000000e+00		
P02777	Succinate to proprionate conversion	2.799126e-06	3.806812e-02	0	0.000000e+00	0.000000e+00	1.000000e+00	2	1.671427e-01	0	0.000000e+00	0.000000e+00	0.000000e+00	1.000000e+00		
P02778	Sulfate assimilation	2.799126e-06	3.806812e-02	0	0.000000e+00	0.000000e+00	1.000000e+00	2	1.671427e-01	0	0.000000e+00	0.000000e+00	0.000000e+00	1.000000e+00		
P02780	Thiamin metabolism	1.399563e-06	1.903406e-02	0	0.000000e+00	0.000000e+00	1.000000e+00	1	8.357135e-02	0	0.000000e+00	0.000000e+00	0.000000e+00	1.000000e+00		
P02781	Threonine biosynthesis	1.399563e-06	1.903406e-02	0	0.000000e+00	0.000000e+00	1.000000e+00	1	8.357135e-02	0	0.000000e+00	0.000000e+00	0.000000e+00	1.000000e+00		
P02782	Triacylglycerol metabolism	1.399563e-06	1.903406e-02	0	0.000000e+00	0.000000e+00	1.000000e+00	1	8.357135e-02	0	0.000000e+00	0.000000e+00	0.000000e+00	1.000000e+00		
P02784	Tyrosine biosynthesis	1.399563e-06	1.903406e-02	0	0.000000e+00	0.000000e+00	1.000000e+00	1	8.357135e-02	0	0.000000e+00	0.000000e+00	0.000000e+00	1.000000e+00		
P02785	Valine biosynthesis	4.198689e-06	5.710217e-02	0	0.000000e+00	0.000000e+00	1.000000e+00	3	2.507140e-01	0	0.000000e+00	0.000000e+00	0.000000e+00	1.000000e+00		
P02787	Vitamin B6 metabolism	4.198689e-06	5.710217e-02	0	0.000000e+00	0.000000e+00	1.000000e+00	3	2.507140e-01	0	0.000000e+00	0.000000e+00	0.000000e+00	1.000000e+00		
P02788	Xanthine and guanine salvage pathway	5.598252e-06	7.613623e-02	0	0.000000e+00	0.000000e+00	1.000000e+00	4	3.342854e-01	0	0.000000e+00	0.000000e+00	0.000000e+00	1.000000e+00		
P04371	5-Hydroxytryptamine biosynthesis	4.198689e-06	5.710217e-02	0	0.000000e+00	0.000000e+00	1.000000e+00	3	2.507140e-01	0	0.000000e+00	0.000000e+00	0.000000e+00	1.000000e+00		
P04384	Gamma-aminobutyric acid synthesis	6.997816e-06	9.517029e-02	0	0.000000e+00	0.000000e+00	1.000000e+00	5	4.178567e-01	0	0.000000e+00	0.000000e+00	0.000000e+00	1.000000e+00		
P04387	Histamine synthesis	1.399563e-06	1.903406e-02	0	0.000000e+00	0.000000e+00	1.000000e+00	1	8.357135e-02	0	0.000000e+00	0.000000e+00	0.000000e+00	1.000000e+00		
P04392	P53 pathway feedback loops 1	9.796942e-06	1.332384e-01	0	0.000000e+00	0.000000e+00	1.000000e+00	7	5.849994e-01	0	0.000000e+00	0.000000e+00	0.000000e+00	1.000000e+00		
P04395	Vasopressin synthesis	1.679476e-05	2.284087e-01	0	0.000000e+00	0.000000e+00	1.000000e+00	12	1.002856e+00	0	0.000000e+00	0.000000e+00	0.000000e+00	1.000000e+00		
P05728	Anandamide degradation	1.399563e-06	1.903406e-02	0	0.000000e+00	0.000000e+00	1.000000e+00	1	8.357135e-02	0	0.000000e+00	0.000000e+00	0.000000e+00	1.000000e+00		
P05729	Bupropion degradation	1.399563e-06	1.903406e-02	0	0.000000e+00	0.000000e+00	1.000000e+00	1	8.357135e-02	0	0.000000e+00	0.000000e+00	0.000000e+00	1.000000e+00		
